{
  "creds": {
    "noiseKey": {
      "private": {
        "type": "Buffer",
        "data": "mGpBzXWrFpNp74YYMwz5vE+LZH8cntxOlfd45o1nR1U="
      },
      "public": {
        "type": "Buffer",
        "data": "sNORB7TNKiIk3JGS+/ZY0wNqY/Ts5XB+kGdcFpu7RiU="
      }
    },
    "signedIdentityKey": {
      "private": {
        "type": "Buffer",
        "data": "iFdN8bfTkfDVZ+vj95PXtj3CbIrNVdY+8rUN3urKWXQ="
      },
      "public": {
        "type": "Buffer",
        "data": "5Z2om/t3alD1ttS/zcIY7DHC8/cw5onHOY6dEO7oHWo="
      }
    },
    "signedPreKey": {
      "keyPair": {
        "private": {
          "type": "Buffer",
          "data": "WFbXElrM0prdv1fBdxhltoTHLIvgb5BG3k3A2EWtMlU="
        },
        "public": {
          "type": "Buffer",
          "data": "RjUtsvZ0C4MpJZudCEXrY8cY7omtir/APnvMd7Dafho="
        }
      },
      "signature": {
        "type": "Buffer",
        "data": "xv5h/00n3dCGCh/krfwJUMVriuawXpA+G8E1OoGnT+ooBosyZB1lae311KbXYX//h1a5foo91paF/WOkiy1pDQ=="
      },
      "keyId": 1
    },
    "registrationId": 131,
    "advSecretKey": "YF5XHXpXzEY3T9YAupLlGC8vZPZK9YWaSXZ6GUv+ZWc=",
    "nextPreKeyId": 31,
    "firstUnuploadedPreKeyId": 31,
    "serverHasPreKeys": true,
    "account": {
      "details": "CMD7vfIHEN79z44GGAE=",
      "accountSignatureKey": "0N6a4ViZSvNZNwguJE0VR99vExzhvE33ckbo1RMyoBs=",
      "accountSignature": "WG5zP3Z9kV2DS3TFM6ri0HOTEtvLP7lzuHIv/nRuEH8VD2JAFFyalJdEm5dYxidGh0/b4K8zEZBuOicLwIgtCQ==",
      "deviceSignature": "U/3isjEjktB1OKkQOOoA6rvMvbd/410BwSg/FpfkV/9G9GmCoemqzcKLU8W1jexo3dc25cpReubhS/E2rt0fAQ=="
    },
    "me": {
      "id": "6285784785293:1@s.whatsapp.net",
      "verifiedName": "mee.",
      "name": "mee."
    },
    "signalIdentities": [
      {
        "identifier": {
          "name": "6285784785293:1@s.whatsapp.net",
          "deviceId": 0
        },
        "identifierKey": {
          "type": "Buffer",
          "data": "BdDemuFYmUrzWTcILiRNFUffbxMc4bxN93JG6NUTMqAb"
        }
      }
    ],
    "lastAccountSyncTimestamp": 1641283298,
    "myAppStateKeyId": "AAAAAP/g"
  },
  "keys": {
    "preKeys": {
      "1": {
        "private": {
          "type": "Buffer",
          "data": "4Gz362rpbAUNKiUo7Rfxtd772ywiDayE8Nk6uYEvhXs="
        },
        "public": {
          "type": "Buffer",
          "data": "GJfbFftXG6VAz1SzNynIVqycmXWR03gsGdGcbLvU9XQ="
        }
      },
      "2": {
        "private": {
          "type": "Buffer",
          "data": "mHYHucRJjnwXg4dtmbsv1MKO7jH2MWAeHHRhrN69m3k="
        },
        "public": {
          "type": "Buffer",
          "data": "zASKAvIbG/2a/0iGmV4wmxmFn8AwT5kckExtDxxszFw="
        }
      },
      "3": {
        "private": {
          "type": "Buffer",
          "data": "aEMT8QPnBU661yHqBuhYBj93fNlDAZNHvtQ9mJFLyEo="
        },
        "public": {
          "type": "Buffer",
          "data": "0Yth6wOt3T1s5WyphAOV1sepCwIJ5VYR+qF4t2ArWDw="
        }
      },
      "4": {
        "private": {
          "type": "Buffer",
          "data": "CImUoDRe5Wpu5TAjCFDEH1tBPoUBhZCy7+QTpm9jXGU="
        },
        "public": {
          "type": "Buffer",
          "data": "sHIZ3BjRupud4bnC7oD8x88dsuWKxVJQKi9FMgB11gE="
        }
      },
      "5": {
        "private": {
          "type": "Buffer",
          "data": "0HJ9XxkpJa6Yyiik5f6V0eNy8ljIhs7M7eXEfGzd80M="
        },
        "public": {
          "type": "Buffer",
          "data": "5Ggm7DSTMcO/oh7AayLL9c0xLUfaY9uvZU7SRAqpqAg="
        }
      },
      "6": {
        "private": {
          "type": "Buffer",
          "data": "EMsPUQ0/GL1wfeti8zlQHi/kdo2BKEP3bUbXB3mUh1g="
        },
        "public": {
          "type": "Buffer",
          "data": "wiUvyh1ja2jyracJcyKXkGUosms6eYZl0nRdm4OyiGg="
        }
      },
      "7": {
        "private": {
          "type": "Buffer",
          "data": "OBtEUbg78T7ymDYNm2jFCQkkn6qoSnYNNOO9aLiCFFs="
        },
        "public": {
          "type": "Buffer",
          "data": "3zrIuIvcAeNMlv5NezBD+il2VPvedHxweKjytuLi7D4="
        }
      },
      "8": {
        "private": {
          "type": "Buffer",
          "data": "CFD5y3e1iZzZQ5AHFxf+qNNBLRFT/49I81R0nGSHbEk="
        },
        "public": {
          "type": "Buffer",
          "data": "vyQlkPr9k/CJXaNFRjewKxzW2/yXm3w0tc3VzkfzGy0="
        }
      },
      "9": {
        "private": {
          "type": "Buffer",
          "data": "gNtuPKBKSVMr7TRngKgAR+fNLggtwWnKzShfG+2p9Gw="
        },
        "public": {
          "type": "Buffer",
          "data": "u8B33ezSHv/URqTv9CasKI7AvG8lPoWg2h/RTYzIegI="
        }
      },
      "10": {
        "private": {
          "type": "Buffer",
          "data": "KN3arW5WKU6fucwx7KdexOdkP7ShD98bXD5J8iuf3GA="
        },
        "public": {
          "type": "Buffer",
          "data": "oxaHSv8QBeBOnbz3FQLNZlkPcDpw8XQima3V/DaSkmY="
        }
      },
      "11": {
        "private": {
          "type": "Buffer",
          "data": "GHrCQw3F+Af/YKH+qofOCG+/Cig1fEgQtNX5bTCOQWI="
        },
        "public": {
          "type": "Buffer",
          "data": "BZGTyWHi8aCd1BcyBeXToHPO1OybMDrPHCUdrPqYAlU="
        }
      },
      "12": {
        "private": {
          "type": "Buffer",
          "data": "EF29W1mh9riid1BZuakiWdOcE9HSveSkkt6nn6o4JGM="
        },
        "public": {
          "type": "Buffer",
          "data": "1N4nzgZtImyu4SQvxfLEk4CXFrKQ0XxkmUSaVkk1DQA="
        }
      },
      "13": {
        "private": {
          "type": "Buffer",
          "data": "SKI/emWwWpx+EHTPMzD6bihvhhCsHsZ6TMlYT1UyEks="
        },
        "public": {
          "type": "Buffer",
          "data": "7quRcJq4JMJEogrWPzCHfpmdmpJmJ3dL8pSmn2Ar1zg="
        }
      },
      "14": {
        "private": {
          "type": "Buffer",
          "data": "CMGxw5T7LE66iDqbNFkKdwLEf2SaMik1lMKJBK87bFA="
        },
        "public": {
          "type": "Buffer",
          "data": "mutCoR5Y17YMcoNixTHsKYJuB7Eiu6hqmPqehUc3nSI="
        }
      },
      "15": {
        "private": {
          "type": "Buffer",
          "data": "8PSPEPqWjl5GbFSAJ2IgrmMqtXRSQLRuCTlZdGQ+q0w="
        },
        "public": {
          "type": "Buffer",
          "data": "GndcKLZt1kObSv0rQ34zn7mrXuo2vGpZWQbE9HSnCiU="
        }
      },
      "16": {
        "private": {
          "type": "Buffer",
          "data": "4CkfzROSz5bZgDK1e1JAyHFLKRIBo0deSNDKjOM3gVY="
        },
        "public": {
          "type": "Buffer",
          "data": "3HQsuO50fD4fFk2mEy0TUc7icNZIb1bCtb3xExsQXVs="
        }
      },
      "17": {
        "private": {
          "type": "Buffer",
          "data": "eAtGSD7EP6X9LlcTyUQcYav/axYPgqgdGL8NtFtuRmc="
        },
        "public": {
          "type": "Buffer",
          "data": "XOG59su74ixYhR0C3OiSef7FDi33LNVEzQVD1KqaLn4="
        }
      },
      "18": {
        "private": {
          "type": "Buffer",
          "data": "sBMHI3z46vn+5w6FIdVhLZbJli2My48cfc7G1SYBYXc="
        },
        "public": {
          "type": "Buffer",
          "data": "DIBeA/yq6t07lffl9PGmcVUEmYqjq1rMbBwiiCoGW0w="
        }
      },
      "19": {
        "private": {
          "type": "Buffer",
          "data": "CGX2viRP0JycE1X4HB5pT7E1arBooKAeglBLZHGESmw="
        },
        "public": {
          "type": "Buffer",
          "data": "C7fsnoTAPA/+bPz+L8MyVx9JVLQqqkZfuI3fcKAR2l0="
        }
      },
      "20": {
        "private": {
          "type": "Buffer",
          "data": "4CmM4BljJSuytpR8clCjUX297K8Zlu66R6CWpHzKM3w="
        },
        "public": {
          "type": "Buffer",
          "data": "5cTIekvDpYz92fdtoT4NVmAsdOyzcInkIp34OFw+BWo="
        }
      },
      "21": {
        "private": {
          "type": "Buffer",
          "data": "6ItfG7T1atjEMoUElBMSfW+fcBhcSHa1s7XcXqJYuVY="
        },
        "public": {
          "type": "Buffer",
          "data": "7KlO3iKMpty4QfSTF3quiNHm+6ZVoUPr77lQZVwT+jQ="
        }
      },
      "22": {
        "private": {
          "type": "Buffer",
          "data": "UCPeo2BUW+3Pq3Lj+ryrZSLPuU8xsrCwjK1dUcZokUw="
        },
        "public": {
          "type": "Buffer",
          "data": "zjAUciAtMoFaPSR6QbTT3shZs+vTEL5HT2K8rscLxWE="
        }
      },
      "23": {
        "private": {
          "type": "Buffer",
          "data": "KGOD9rlk6/RHZE62GqZqjgdLPlEoTodJoKNUuyQLV30="
        },
        "public": {
          "type": "Buffer",
          "data": "/ydoj3jpIlsPiVMwnNsriEgA/iU7Jf49FGjxLdTiNRw="
        }
      },
      "24": null,
      "25": {
        "private": {
          "type": "Buffer",
          "data": "WPG0X1BPw7ji0C+0qvZHhGaDqqjw0TKwfbXm6QOUimw="
        },
        "public": {
          "type": "Buffer",
          "data": "EBwxodzYN8sQqP4xZq2JSU+LS4kodB3Zkdb3PpG+a18="
        }
      },
      "26": {
        "private": {
          "type": "Buffer",
          "data": "6HSz8Spys1kfmhAJNeI88znCxVzEeupCQnXwjjSzX2k="
        },
        "public": {
          "type": "Buffer",
          "data": "BL2SiZJzZDCwjxKL5rsX666FseQj9bq4yQlBGWda9EQ="
        }
      },
      "27": {
        "private": {
          "type": "Buffer",
          "data": "QC1qcdOhDb5Yu4tgLG9vdIbunZPgWrHM+a1aAk1AxUY="
        },
        "public": {
          "type": "Buffer",
          "data": "mLyzx9UJJCvig2QwNWeeTrM4Obe8gy8A11treRBnDWw="
        }
      },
      "28": {
        "private": {
          "type": "Buffer",
          "data": "CGredCaI33J6VSy8H8N7EsT1IiAhyiEPJ0V/OHT1LFc="
        },
        "public": {
          "type": "Buffer",
          "data": "252vI1lKG69ZK385T9PL9ie7KTfu1lvhZt8AACIjEXY="
        }
      },
      "29": {
        "private": {
          "type": "Buffer",
          "data": "sFLFSEZ0h9ZDzyHYrgU51+TktPQtqRENfEbDlnj1qGw="
        },
        "public": {
          "type": "Buffer",
          "data": "B+o/hjZRD+NYHxpF40N3/t/6seMeok1mkvcRCjPdtCY="
        }
      },
      "30": {
        "private": {
          "type": "Buffer",
          "data": "WOW26ZL/dKdARNADkvPerXlyvdLPrSffviPe+wzWuFM="
        },
        "public": {
          "type": "Buffer",
          "data": "0CBIK4uY1Xs181HL9h/qQKsuaRwt2sSZlxQy4dpsIE4="
        }
      }
    },
    "sessions": {
      "6285784785293.0": {
        "_sessions": {
          "BWzlK64lanKRl2+7WIwSy2LV7QKdUuXTw0+pPJScLvxO": {
            "registrationId": 447937808,
            "currentRatchet": {
              "ephemeralKeyPair": {
                "pubKey": "BcdiV2E/7zh5d3xBzah8Ee7Gm215GrOPnR2N9oo293N1",
                "privKey": "cHOvq5iXfaGM+rNF31ntnwCOQotv7+NW26mxNCIPFGw="
              },
              "lastRemoteEphemeralKey": "BQsnN/uHJlPGKG5tnXK09Fgy8weiWkCHGwGk4KXdbVYY",
              "previousCounter": 0,
              "rootKey": "LqgSqjCi1d6913iUVyEWvnpUw3PZbLmiUUEOeKaBgd8="
            },
            "indexInfo": {
              "baseKey": "BWzlK64lanKRl2+7WIwSy2LV7QKdUuXTw0+pPJScLvxO",
              "baseKeyType": 2,
              "closed": -1,
              "used": 1641283301936,
              "created": 1641283301936,
              "remoteIdentityKey": "BdDemuFYmUrzWTcILiRNFUffbxMc4bxN93JG6NUTMqAb"
            },
            "_chains": {
              "BQsnN/uHJlPGKG5tnXK09Fgy8weiWkCHGwGk4KXdbVYY": {
                "chainKey": {
                  "counter": 4,
                  "key": "1TADBzGAs4zyN1JGf/gnmSwfcNQsEdYeIQBIDx2byL8="
                },
                "chainType": 2,
                "messageKeys": {}
              },
              "BcdiV2E/7zh5d3xBzah8Ee7Gm215GrOPnR2N9oo293N1": {
                "chainKey": {
                  "counter": -1,
                  "key": "UdOpr8YC8wjzJjuj9N09kFFPqwA644sbnL5lp3654Ck="
                },
                "chainType": 1,
                "messageKeys": {}
              }
            }
          }
        },
        "version": "v1"
      }
    },
    "appStateSyncKeys": {
      "AAAAAP/g": {
        "keyData": "4lj1RiEgoodkVMw5PPpaqhEcInnWDnhDSdThXqPXp1Q=",
        "fingerprint": {
          "rawId": 2119138752,
          "currentIndex": 1,
          "deviceIndexes": [
            0,
            1
          ]
        },
        "timestamp": "1641283301421"
      }
    },
    "appStateVersions": {
      "critical_block": {
        "version": 1,
        "hash": {
          "type": "Buffer",
          "data": "7uxXTUTj+XOcgrSxdw2xK2K8o+PuPMXQST3qja6/X2nZ+TpfhoEWIBJ0qCB+ezAOeubY6vunr2SOgKZFL1ajg2btRXE45wBmDAr5kaO2E92LsWc80JSunn6T0djoOnnrpTXziiPNiLBqptTIKzdSS7qfmrtO9+StbrLlqBfxwW4="
        },
        "indexValueMap": {
          "GaF6yZh8zBFVaLCG0Eg6OZouk8BWWhTJGBKc2x5rOIg=": {
            "valueMac": {
              "type": "Buffer",
              "data": "NguqjKZrYaQvnTWii/sekN5C0LSyhq2YmnTN/g6z0Ng="
            }
          },
          "6aoy7I4fwXvrh30+LbMcMq46L8CiOTjdrhSfqIRqffE=": {
            "valueMac": {
              "type": "Buffer",
              "data": "2d/mBj0+27x1BKgbT2A7IEdPOQOuIA5LLG8vBh4hDSo="
            }
          }
        }
      },
      "critical_unblock_low": {
        "version": 1,
        "hash": {
          "type": "Buffer",
          "data": "gAMBnY4j8LTI9qdmkuYpBdEWm/VpY+eASfh6CCnLJlf3APDQzbsoiqoz/Z4JvPoduq+KqWacaTCsEDTt/z8jYDrOTN2ReBlAse8FnRCFreBlcPY68oJMwxn3S0z1MeAWcajonANYM2+XtlgpkPOUMkQi2UTRVkCvrkoZhEajc1k="
        },
        "indexValueMap": {
          "3CVXTi0iV5s1C5nLoph5BquEcMUGoU3N0p7FX5yCDO0=": {
            "valueMac": {
              "type": "Buffer",
              "data": "1sZlr8ZoOKWTSPOd4kFpy8qyIrglx2HAzSrkhd65WXg="
            }
          },
          "5FfbIUJmaJJ5pivSq891pbkFfgdstc9JP+4zGbhtNgw=": {
            "valueMac": {
              "type": "Buffer",
              "data": "kvhI9v3PckzUU67Qf1L371pnOc9h0HS3FhiuFEuC8oM="
            }
          },
          "4dlnwqXjjmDDPAhRdZQ50ttdKflTrCTEmpIpiBEQVps=": {
            "valueMac": {
              "type": "Buffer",
              "data": "6cbRKkNFlq+MqFV1sQK4azORA73UYTSNlTJH62ZbhqI="
            }
          },
          "ihbk7CN/5oTn+pNnIP240dz9+6thIOK86e6yp0aC2Hc=": {
            "valueMac": {
              "type": "Buffer",
              "data": "dtWMCCsQmRSQX7R3EbO3vIg2fS+rThqfQda42A6RK9g="
            }
          },
          "szaLmSS60CujzdEJCCBYRK7ZuuqCrx3OIbH9i/jDsOY=": {
            "valueMac": {
              "type": "Buffer",
              "data": "db3HC/lh2lvPgUpOS2KI0xubP956REd5MvhQoNltIr0="
            }
          },
          "zB07kYsVdgkV23scFuCA8u51jYDFV+Qfxk8fKYS9pOg=": {
            "valueMac": {
              "type": "Buffer",
              "data": "KV49RkBAuvAx0jHk3WWTzrvnezV0MNjCs2Ixo+ZkmSQ="
            }
          },
          "vxDFBzmbdVFHDVi7mxoBkDWe7AciJt2gKuNJu8WSyRk=": {
            "valueMac": {
              "type": "Buffer",
              "data": "n8uOOCQaQkwHbv9DHFJ3mJq9iBfxLue97q1Hrmlm8sk="
            }
          },
          "HvJGEjyKcRgrExZeAM1M1PX/4XA1BrluU8KgmT2aT7w=": {
            "valueMac": {
              "type": "Buffer",
              "data": "S8icgUlHjadM+I6DND3izY31Z9NUTcQfruO3lr4FKwM="
            }
          },
          "MCOpGyM3wQiu02vX9DJmbbXenF+/5WCdhX7Vjn6sH0I=": {
            "valueMac": {
              "type": "Buffer",
              "data": "b693pUySK/7ubR4z0UPVtab7it0j7XuRbOp6PI7pXxQ="
            }
          },
          "K1ULNH6W+XHVORgxvZvhWOxJPAIHDU9cg/YaF7UyrV8=": {
            "valueMac": {
              "type": "Buffer",
              "data": "5/OcB0ixCTG1qEESGPJMmCRMx5gnUYLyC6H9iT5W4p0="
            }
          },
          "L/7KAhL8X8J1l5TtqY4DU2gO0tv8OL9POplY/nR5An8=": {
            "valueMac": {
              "type": "Buffer",
              "data": "w4WIt9zj0ErBFy4nLFgwZdtQD7Yz80nhRn6c3CjI1OQ="
            }
          },
          "X8IKYTfNeqUFbesm7Evn49OUo6Z1vnwDainx9ThFSgQ=": {
            "valueMac": {
              "type": "Buffer",
              "data": "UU+kEMChCE8WdBVwdGJfe4fpP5wWKkxdw+5usVon/LA="
            }
          },
          "zfLkboxYliE6fqf7C29FgR/hxRL8HVD600oIc5WqkwQ=": {
            "valueMac": {
              "type": "Buffer",
              "data": "BMNNUQ4kH1I2/ueWadqBoqsPzFcIhrXQqMW7awqK6C8="
            }
          },
          "+DJrafNy8ruGqTkO2amZ+VWuYaO88TdDLGWaJUzb6AM=": {
            "valueMac": {
              "type": "Buffer",
              "data": "cCzrhLZQcTO9LnvhJDihlMDq9BzhwTzNpRdlC4oYX2M="
            }
          },
          "vP2kINjGWGUbBFBD+KxAa1Th/iHOJO+dOp5ZXBADTUc=": {
            "valueMac": {
              "type": "Buffer",
              "data": "qdNn8wfKGGQxP6CXj/HZXO0yNayQlp/pEX7wwbf+XsI="
            }
          },
          "oTwEhUun+kNztC4W0jubsBfmbXxuCqGFvgUqVCTgcb4=": {
            "valueMac": {
              "type": "Buffer",
              "data": "WDrAuIg8owR70ptI2z51ST9lhKbI0H7WcucCFEaD2CY="
            }
          },
          "rIh8sZDDFrvr9fqwBsjhX1w0t8qjZxND/spC5fp0MR0=": {
            "valueMac": {
              "type": "Buffer",
              "data": "rioXKRXD9lkCQY74ia0mtp3esHPPwXwc+nxIzhKQkqM="
            }
          },
          "6VRJdp6bdjUE+ZQE/YHjZc60obWdEkiz/BDTpozNOw0=": {
            "valueMac": {
              "type": "Buffer",
              "data": "trRCQM9iqaBGLqMlXQZZqcK/4A9dLr4Mpt6ja41JD3Y="
            }
          },
          "cjtGHKJcUnnmpJvSSJtB8xWzEFnvF2vaYEBaPsSjPU8=": {
            "valueMac": {
              "type": "Buffer",
              "data": "QEmXAhj7asmBaxnE5Cu7PhkSLccCfjj2+2J/MfTmSLo="
            }
          },
          "yQ0ghXIICwAWlUztu8DyoSqMSFWU4AysFHA2l1i9wXY=": {
            "valueMac": {
              "type": "Buffer",
              "data": "UmuRXHsxOVn4rvf8uSAjJZZc0id6pNDKQ7CVa5PNKCE="
            }
          },
          "as8+rPpVGblurneDFXmWcUmGKpzoegJd4j9CNBzbumo=": {
            "valueMac": {
              "type": "Buffer",
              "data": "OyJ4+9KJAlJb+CW1Uss86gSyHUfh7wogiw9rN83Bsas="
            }
          },
          "/JBTg6eNnrOHq/z4kjCh4rujiP30uSCSUVI0Hi/dXFE=": {
            "valueMac": {
              "type": "Buffer",
              "data": "yA8VGxvMdgdJHGrbn8tHo5plASSWvzTJFJT0jdcC/2w="
            }
          },
          "qmU7SCJjHD1ixev9MxHVDIA0qZgU9SHmMJJRSdl139U=": {
            "valueMac": {
              "type": "Buffer",
              "data": "vXm7O4e4bSkOUTF3GuyDn983gaCMWqY3+gVQ2Cv52do="
            }
          },
          "VHGyv3eW9fEcpUhgrlKP8Lbg7/11tsQSkhVYpLoNaNs=": {
            "valueMac": {
              "type": "Buffer",
              "data": "/6g2JPUdKsPU3vH49BefoVQKPAAxAeSiBOj+e2EmQIU="
            }
          },
          "n95I+DlVapT97rwjvg60tOQcMQ0M3ZVpvjWuVhqdM8Y=": {
            "valueMac": {
              "type": "Buffer",
              "data": "oJO50WS8WKzOgJjmB16PuWyoKB1vlBh/oN3uIk5g6vU="
            }
          },
          "5/loEM1RYLlVFsgLX1oDt7GsruR7N37MuLX/p+kvZtc=": {
            "valueMac": {
              "type": "Buffer",
              "data": "RTGsbxlOhozPSrVgwQ+OLDPuHAhubak0kC4FVRSfAzc="
            }
          },
          "aacAP9rWlLkoHyb4pz4BfiYcCOF/x6WBcx4SK/re1Hk=": {
            "valueMac": {
              "type": "Buffer",
              "data": "cB+NRbsjk7YiqVtTuhE5Pc2va3to2FTMzbqpq+w0z7Y="
            }
          },
          "peocHeCeDpmzyTKPO5BpQXksibVuGIKLYAo9S8m7idg=": {
            "valueMac": {
              "type": "Buffer",
              "data": "5lP2IYTSKxneuDu6V3fYuO6Vp5dBGCEoenFAveHsbBI="
            }
          },
          "9eUa0uol4rr1VRf+toFpFPt6hA8oaNV547is0voM5hA=": {
            "valueMac": {
              "type": "Buffer",
              "data": "E2t0hyTEh+93Xk1Dnfe93hN+vAQpqtJFRHEvpSRi1Is="
            }
          },
          "mSUquviunKSvtt9XOngQWLeCwW8QQAEJIlKMqr55k2E=": {
            "valueMac": {
              "type": "Buffer",
              "data": "NkIZKqPX75XiE1d5DuMNmMOR7rwNbjIDya256xh0ch4="
            }
          },
          "8Ta0AvMC1lP2QCHW6/LRyTOuw7/4PPER+cTuEL6znHI=": {
            "valueMac": {
              "type": "Buffer",
              "data": "GtbWwlMbCRFLKCuQq5YNYyW3Ttvyf7YaPFqlbyMm57I="
            }
          },
          "GezamyZOGaTdBrbMuPD8J+xdjLg27OlbbBUrRb7DKrA=": {
            "valueMac": {
              "type": "Buffer",
              "data": "n00Av+S6DkEJ2kIajVAknU+iGiGt/ZaYMPjXJMdMgCc="
            }
          },
          "l4xyhIUAkT46LKEiFHr9FzMenxbx3lVex7woQ1vZGt0=": {
            "valueMac": {
              "type": "Buffer",
              "data": "EqWvwa3XX/AWF0dk9IbF2Q7fiI7QMo7EX/SwgtPuzeU="
            }
          },
          "WFeuMQE8hw4ahOwgg9dlt7RzvYQ/EVjXvc68QJXgCMg=": {
            "valueMac": {
              "type": "Buffer",
              "data": "e7DYF/8C5JwaQ9e2zPgvcnlzKnx35FDv0JkrMV/nzj0="
            }
          },
          "sm0GOQC1LUnqj1Y/RTbGSvBKXObuUUzSCANj422hvBM=": {
            "valueMac": {
              "type": "Buffer",
              "data": "PNtA3GX5V6M+V1B4oNH49MTJajMufaY+K0cY+0q3E/U="
            }
          },
          "b0cI0T3IZ90/S2nz4wsACnY1QIttJocBNcKWrOg0G5c=": {
            "valueMac": {
              "type": "Buffer",
              "data": "e/eqjj244dr1ckjWstu0s3wRNVjCjS5H5wZikliPbsk="
            }
          },
          "DbXV6x2HGXbccXv7CvttUoByWbWDBysMZIE1iU+cz7o=": {
            "valueMac": {
              "type": "Buffer",
              "data": "7uIBEfUntoGVb6koxrfskE2wmn200LtQ7gAv4+7YUCo="
            }
          },
          "GdTsfMOhLYZNmMZhM3NmLxpcf26e2mohOctv7v7CQvI=": {
            "valueMac": {
              "type": "Buffer",
              "data": "1VL1BbJ/2MAXcXhILUH4kZUN12REUHd+60YYJKeDjoQ="
            }
          },
          "waJTfiRnaSHk/Q5ss/be6JO/dVy7XXLaIzraeQuZEXA=": {
            "valueMac": {
              "type": "Buffer",
              "data": "gJLlt325CjltsvzF6CM9MA+Eh+v/SMo7u6204oX34tA="
            }
          },
          "US1uTjYe69idOPguR9N8KpqQg1YEeJOzGqTXnikw5CM=": {
            "valueMac": {
              "type": "Buffer",
              "data": "ccfMTgerQxy2rPDF4sJ+hhJ9WB6CZtT0HBy87iHpee8="
            }
          },
          "L095FyDPZ4QM1LirgXj742rfqzzNEtszLMxZ04YW3P8=": {
            "valueMac": {
              "type": "Buffer",
              "data": "afmXK3+1YUt7ZBnpdsDwddtJgCGj9wyAhJOCyAH4d+8="
            }
          },
          "9BjAhQVriWNeX8o+VOhOtZ1uX3qLo44f9Wo7fJCc144=": {
            "valueMac": {
              "type": "Buffer",
              "data": "YLZseeFu/DTf8NHrnU3KDileqYSJZbZbxV6/8H8+GlM="
            }
          },
          "faTOS+cBFG62uBnoSAaZ3sQbtKGTttsI0KQTlvwCTDw=": {
            "valueMac": {
              "type": "Buffer",
              "data": "E+Iy6dcRH6ZkGzEzORfmlgEYu+WW6cE5f9tDqu7uXBs="
            }
          },
          "fILjeVQlGXeSgzWllrcujRs7+vfrG1boqzUbJQVtFU8=": {
            "valueMac": {
              "type": "Buffer",
              "data": "MN+n8g4STI319/7H8nbdE9CTFZ/EwfwTo7teLCM7LEQ="
            }
          },
          "SyU06qYQiXrs+wAe9OAK2hI2bo0c657KurCJsFRMyXI=": {
            "valueMac": {
              "type": "Buffer",
              "data": "EPAf9L+v1IaTTpfQ0rOY4oV26CaevrJmfmWWmpYPmHk="
            }
          },
          "cSeJGVzFsGWI12zGa/WdjZqTaN+GLdmWCCR8BDYujyw=": {
            "valueMac": {
              "type": "Buffer",
              "data": "WubMP9MsTGAbGYPCg0zFSzWxxPNv+De5/Kpk/f0A7Rs="
            }
          },
          "v4Yo4di7FwlddyLcon0X3sI+vAGrlVWjY9YYQ4pglAk=": {
            "valueMac": {
              "type": "Buffer",
              "data": "Pws2haP9E1WwSE5RpEt441K/lb/RvSEaE7/BP2N15E0="
            }
          },
          "LZDKQr6I5lxla4ve0fjDzsXKCasf1pPVvYEqXaJviPw=": {
            "valueMac": {
              "type": "Buffer",
              "data": "Hkip2VYqHiDv8ubFbMIZbh37bnyXzWMCFO/FKq3riqg="
            }
          },
          "4ukYcTyrKoyIOsfQtPzsiwBkdqs8LpWH3phSUTAMUaI=": {
            "valueMac": {
              "type": "Buffer",
              "data": "Z17gJfNLCtmeZMEDIRs4uDOsXRzl8Ap5pEbGJImT1cs="
            }
          },
          "uZCSFFww9Ftg9p7aO8Fc47FCS07Bqjj9+JtWgZI3jdI=": {
            "valueMac": {
              "type": "Buffer",
              "data": "69otIXjokPHQgFGDaWR8PE0Y2ek7z/C141aIJqoOPDI="
            }
          },
          "87pfdGOMRtpjW1I2NdqEKJPc/UqbhtUXSW6+8ptxb5k=": {
            "valueMac": {
              "type": "Buffer",
              "data": "ANGZakNkYfpPT0AAmm2YtKAaEDkJdheBUnyf6c//GF0="
            }
          },
          "njPP0h8hcVCj4zcQZzXMlTYi3E0ZLRdNPUarVWiZ/UQ=": {
            "valueMac": {
              "type": "Buffer",
              "data": "F62NH2c+WMpGRnQEekQuJ6E7Gm9hlfeEAISI8HsBG6M="
            }
          },
          "GM8/iFf3zkN6RhoWIS6I1naUSu5bDqNvcRypmEijifI=": {
            "valueMac": {
              "type": "Buffer",
              "data": "Xaenfjs2OgEPeC/P2rUsY4rJuI2wUx9ITRwoD1KISdU="
            }
          },
          "78LjRm2Y1XUv3XXv47yxV8R8HX6/o9iXTeDOh9mi/Ao=": {
            "valueMac": {
              "type": "Buffer",
              "data": "xgPToRxTCSVJKe40Bc2eoB7Vln7wc8ZWuPgZfvFZvqg="
            }
          },
          "HcuTu5EPhlnCll5DHyxaxLt2O9NP+yUJAuTrZ6NJLLQ=": {
            "valueMac": {
              "type": "Buffer",
              "data": "bYfTsV97fiPOBFS4OCyUvyYpeqdfti6gWtPxj7uA2Bs="
            }
          },
          "2lWw4q2ot34pRwS+bqF6FnjOu9KGR6AA5Av9ZCktzFI=": {
            "valueMac": {
              "type": "Buffer",
              "data": "ekevhTSbDAEqLA6+6E8JLBYaxWJtXSxHeRS1DDDZrS8="
            }
          },
          "7W0gihsQ/CagKu2/67dT8XJta7Rm9IsXAbvznYIk4k0=": {
            "valueMac": {
              "type": "Buffer",
              "data": "UCnvew+e4po47m9Szp79Zz4o0OW6BOPMSDRLEkgjcPE="
            }
          },
          "46yE/YMF2/F29ds49LHcR+vPrio9C7mkPz6yGbdr9NY=": {
            "valueMac": {
              "type": "Buffer",
              "data": "SXpketQC2YbaoEY/5zEtIeJySCZE7UUXnKs1WXwKtKw="
            }
          },
          "H6gBreidGxmomLj9ZtjElwgWZkrdPAexiTiorknSkuQ=": {
            "valueMac": {
              "type": "Buffer",
              "data": "EWdlAoaA/e8FY/44c4P5aY5+r3sWzwDUOeJZtwoJM4Y="
            }
          },
          "HkyUrEC++l/mxa2/5bOf4YW0ReU9NMQ71r88KkTPmYw=": {
            "valueMac": {
              "type": "Buffer",
              "data": "MqoVHYwpq1sFsllmhGKZy59tmZgPtrekymq7VE7OCUo="
            }
          },
          "YG65MtkbDuKbQ/jNaDj36+wPuYCSTF5qJqyCM05hdA4=": {
            "valueMac": {
              "type": "Buffer",
              "data": "r3ik5kTWPzeUxOhpkJ9FmoYcs5xybdCVYElOGKBN0z0="
            }
          },
          "hCNPG8gB4Swb2fELyXZITSiCJ1YjtG6yvSugGAwDKHc=": {
            "valueMac": {
              "type": "Buffer",
              "data": "D3T0N5LcWM+lEnU5Kso8UXJI3Psa9SXp+1yX05KyQwA="
            }
          },
          "H5iYJ8oCGZ8BXvet4MyMdzgIX8EecWhzcYIMrOx+MuM=": {
            "valueMac": {
              "type": "Buffer",
              "data": "CTLhXzLjFEJke78uLrG5L+QLpHFZgmGPk7jqmNQLThw="
            }
          },
          "J19+/MF/tj3pMnSOJ13TuhnHZWmYXc0ijUrPuZccLbo=": {
            "valueMac": {
              "type": "Buffer",
              "data": "hK0vqTW+NOVXQQnv/uDAZV4DLDcGD0E8MP/Y+cPso3s="
            }
          },
          "BvuT+E3EktDze4NJ2B3FnZh9Okf/YsLMf3FtQSEy9vM=": {
            "valueMac": {
              "type": "Buffer",
              "data": "2wS8FCsAKQf7yB72HdxeE8uIAuyXe0i5jKp5amqyW/Y="
            }
          },
          "RMFk1w+rY+WUEr2qzgKzeKd02FNnFM1165NiNl+p2+c=": {
            "valueMac": {
              "type": "Buffer",
              "data": "vEoXoLfCpbXNQNr0/9Ye/M9MoZAlFxyvWefDS4sPe5A="
            }
          },
          "xZ8QYtQvKTcY4bhih6HrzdE7Iipb7yGxDrfzteGKb/k=": {
            "valueMac": {
              "type": "Buffer",
              "data": "R6NoaytmxrZxGfw9fHDmPjyE+w4UrbVEvAADlaW+mWc="
            }
          },
          "cQqzdkBbDnQyv6ufw0HFbZ/n4Z1PON5WAHiMOGRxZ/8=": {
            "valueMac": {
              "type": "Buffer",
              "data": "MXjKLEKTNAWgzfLOLaZLggOAmkt2XBKPSv1yhT+MbNo="
            }
          },
          "O6M2n1YDzChuAwY9DAR6T4HIWGZVCubQOV8HyhD/GMo=": {
            "valueMac": {
              "type": "Buffer",
              "data": "4mNbBORBlPxh9FUkWBOyIY4ftASFnXZ1aop92KAb9fY="
            }
          },
          "d39TiCM6u1HMxK/qLCyxAMyvtW1vDRcZksRuDMiy2CM=": {
            "valueMac": {
              "type": "Buffer",
              "data": "/Nd3XNUOC6PNHX+y9YBQ8c+WsX9OSlsXTeeLKZyu2gg="
            }
          },
          "QOqfqPBgPJxHz1XwtOU/Nek+W5Ng81Jfa8duy6Igyds=": {
            "valueMac": {
              "type": "Buffer",
              "data": "NCTRITiAXvALYwaZzoQNupGj5CjggeMWS1E4T2EqdPM="
            }
          },
          "EmboeCuDmZJ7c1PhNIzQx3yheCi3EvclacZQIxXogcU=": {
            "valueMac": {
              "type": "Buffer",
              "data": "G86ZZGbxHck11MwByfWbda51Si9kogZTLgicUgxzELM="
            }
          },
          "rpB4Zg33MXZ+hKKbDvPQ59d2Llwxm+O3LDIdMxF1l3E=": {
            "valueMac": {
              "type": "Buffer",
              "data": "G7NifJ6NfutBO0CW/BXc15EeKKM1WOVTzR2a8ffd5TM="
            }
          },
          "u0rbelb5uRfosNxfqyjCZLQpkj9cv0Kz5FZOFSlcI8g=": {
            "valueMac": {
              "type": "Buffer",
              "data": "GzxhIKeju8AXYIqvJfmpOLAt8eNno0YDiL1Cisdddjk="
            }
          },
          "/kVJpNL7uEO7lela6jw7vz+wScrCkZuD4UBFTzKk/ic=": {
            "valueMac": {
              "type": "Buffer",
              "data": "lRwmRmWJMsqslGmPKI7mj391PF9iqJQA3qYf/YsySVM="
            }
          },
          "oXecc66Ra82prl5MTGzdn1oXIv5qffE3TPeuttfrk3Y=": {
            "valueMac": {
              "type": "Buffer",
              "data": "Rc6RsqRg9NCwBZuHeE4RV9GDThSavbq+I0GLqTpwDEM="
            }
          },
          "qv8xrgxI8qImaG5jL/xz1VFavkLsOrMlG/FeeDNKzRU=": {
            "valueMac": {
              "type": "Buffer",
              "data": "pDLC/16iFp/44WvH8lo4+3GWdOAKpy7jtPSmOebMsDA="
            }
          },
          "c0ZTRdINotQy85gQ8KgB6J20kF/3BtyuEf+tem1FUOk=": {
            "valueMac": {
              "type": "Buffer",
              "data": "HPGpFcAbvfnKHKah+KIzQ5mL7/rZUox2fJhwPdGkb+E="
            }
          },
          "JOzgyvRyTiTcfjTlIdqRRFQfXUEXOGMjqd4Ug7cjIXw=": {
            "valueMac": {
              "type": "Buffer",
              "data": "7s+S0tl2Rrudq7eO9vYHfe2OJRgJtn6kITNHed2q5cg="
            }
          },
          "ILmpkZp3bH6Xui6MJUcezLu1KRTmMu46sZ/I3EdfQis=": {
            "valueMac": {
              "type": "Buffer",
              "data": "ywgl5RxGdm60up4kPU48CHON3WSkXbNo19wPbpC4i1o="
            }
          },
          "1PDNOXqqZnXpgndbjVgYd1ViRGrFeJytHU9Op7X9OPU=": {
            "valueMac": {
              "type": "Buffer",
              "data": "lVmDccsgo3XYU4vuiAHW3gK2lCYaLakbaUjKoNPK/Hg="
            }
          },
          "Ovr6+ZxI0SOvYfQ3/WfiQsSVnHNfRnT9ycxfNyCX8HE=": {
            "valueMac": {
              "type": "Buffer",
              "data": "mqpLvS6f1NSvt+4McrxC8YCUjJxwNlXmO9WsolBw6Nw="
            }
          },
          "P7N5cgY4+71JJluF4XJ0aBM1Comn5XKilPyoPRC0TMg=": {
            "valueMac": {
              "type": "Buffer",
              "data": "2QsJk1yYydVbvTv2lhRmM+ZJvnIlxvnTBL+MSKwIETk="
            }
          },
          "bkSNhF2gOAw3wAuQY/dkniK2aH8pOn0Zows4ajIckhQ=": {
            "valueMac": {
              "type": "Buffer",
              "data": "qaVnDQ6MQ4uHqFjg2SljqvLho/2g6PJX2NuZVQG08J8="
            }
          },
          "atccVUkJafH+pOprbI+4U9REFYr89v0zBjbOwaawZjo=": {
            "valueMac": {
              "type": "Buffer",
              "data": "SppEXwO2Xwqqy9vQQOMkIkAFQ/4B/RAzllJynR0zxd0="
            }
          },
          "ASY5L+x9vn3ObeiFaO+LwzmadUCsr0mcZ+TxcPQgKBI=": {
            "valueMac": {
              "type": "Buffer",
              "data": "WT0wMB+1dkEN/K/I8qn2mNwRD23HHjde6CnLoeBv38M="
            }
          },
          "Bu3SPz0Kv/+X6MWPS2oR4JoWHOm7FV7xuD2FP+GpRVw=": {
            "valueMac": {
              "type": "Buffer",
              "data": "+BBWJOuYKEAA5xJcrhHIw4Le0WM+htYrGIuXjMqmbOo="
            }
          },
          "W2D0uyrUpu7THO4DiaLtPW/j3waAphvqEbutCXxwGgw=": {
            "valueMac": {
              "type": "Buffer",
              "data": "OOY7wa2CQsYEsTseGWSUqBNxeozl9WnYHbgikzBjqIM="
            }
          },
          "xNGb3k4i1vOGxSfK+hdqKQ1OpMIWqsmxZ3JWHOzK0Gk=": {
            "valueMac": {
              "type": "Buffer",
              "data": "8IybXAZGKBJkjerEhDzbc1e6+pfkzEXxRgHYZNXzFoc="
            }
          },
          "kaXx+JoLMTW6SR2qsZYsVLfqTBsFdsvHu2nxK86Y/p0=": {
            "valueMac": {
              "type": "Buffer",
              "data": "2JQvFV/TR++WOIG7Qz0BSLsYUExZ3VdW/GzjoBeRR6U="
            }
          },
          "HUw8FzKAqNEbug62O26RJu91yYnVuVS9YDV7FQi1rRk=": {
            "valueMac": {
              "type": "Buffer",
              "data": "sxhCYeSusquXFy8Oa7caQjmWwtayCMbRpCAvFsOeE3I="
            }
          },
          "5AoTZ8Za+PJtdVajLNeXtEykAzpe7DHDK6aAhuH9GFA=": {
            "valueMac": {
              "type": "Buffer",
              "data": "082HD5ckX7SfnqwZYujH9zaykmaBtqKGqi5+cS+VX8k="
            }
          },
          "wP3nTZSTfa3mESXdZzL9ZpHtnNeRY/a6L/qR10/K9eM=": {
            "valueMac": {
              "type": "Buffer",
              "data": "2mUNb4gXhU8NEx6aZxz/319sK2ToB5r4WjPhrozAhIU="
            }
          },
          "/+5y318Cb+ranoPWhNoT9gMUx/y6EAHCaTdNBds4fSA=": {
            "valueMac": {
              "type": "Buffer",
              "data": "6P1JAvLu7/IrH8WxsV7Dc5/nNU8H0NGA+h1+2XSa6Gg="
            }
          },
          "VgycHEHWSGPy83Jc7Sej/QESzu2HZ9Y1T4K9FU4Y9ek=": {
            "valueMac": {
              "type": "Buffer",
              "data": "nF/z8vqSktnbMGMF5c2rs02Th+e4lcbr61Xt0170dXM="
            }
          },
          "8JDC4DXcfhD3Lxstaw2T0DqumVwFTqOiurSAwNO8yyc=": {
            "valueMac": {
              "type": "Buffer",
              "data": "GwhPRKkjvY30dHW/mbMO+of/t03xyv4YsTLDBLgKNOs="
            }
          },
          "vg4NP4uQ7wfA/LHvyh5pw5068iNCq9ONuabW4uOJu3Y=": {
            "valueMac": {
              "type": "Buffer",
              "data": "zg4wGEuSOlNN1eqmCaTrVgLhgwd4TeB1biZ7SoPvWbg="
            }
          },
          "+R5LWhhYXUOcT0uBB+nY6D64Daa9ngB85jWgNo03IPs=": {
            "valueMac": {
              "type": "Buffer",
              "data": "AUL+V2G2vu25X7z9b7jSmWIN2Eyelcv+zySUyoQYduY="
            }
          },
          "gOAUH2t0+uT7aSDKviNCGtP+Yx4HbxDjG8PCqEABAxc=": {
            "valueMac": {
              "type": "Buffer",
              "data": "ywkUvf2CGbAPkOzEIEt+YW9LFVsPxjJ68CxLLCweMf0="
            }
          },
          "Jdr+XlhyznkpbOWzUJEskufGwcY4gE6RRwT52tvrGKI=": {
            "valueMac": {
              "type": "Buffer",
              "data": "04JfgwyNze0vQ2tlI4CHp3vByEn533Ln0bND+/8XAIA="
            }
          },
          "K2yHC37v/F3G86caz1jtbQcXad4/Nsha8NZrWZcACXY=": {
            "valueMac": {
              "type": "Buffer",
              "data": "3+sycpRmVDV8aAgtruxHEdEQrbDhlT9lPQWZRILOHDo="
            }
          },
          "s6dRAGc6ZJBgiRVPoTgdJAcKlblKdtYQ8fkVXoZ8vl0=": {
            "valueMac": {
              "type": "Buffer",
              "data": "XnJUhsf5n2Am/h890/VJaTpz4CYW/5Igjaktfqk5OFc="
            }
          },
          "eKUbZquYxe/XtGvGDcTDKOr7i1WIhTvGzrBDGVR8dU4=": {
            "valueMac": {
              "type": "Buffer",
              "data": "ZAkDVSSXIWERXLU4uC+Tq7ZSc6KExbiM+/JOSdWe4Qs="
            }
          },
          "hmyWzRj91rJsU0VRaI1K7N/3vqmCt83SCjDr1LQRxs4=": {
            "valueMac": {
              "type": "Buffer",
              "data": "GiQAW5/oAhNP22nFa0cgzOBFtVFk2RhOgWp1eYPwPhE="
            }
          },
          "206ClYRGk2yopdcyAa6x6SdAciszyg/p/S1BWOhpWhM=": {
            "valueMac": {
              "type": "Buffer",
              "data": "3Fp5F4LvbjXlrdSJiI+R5WIfHRFc7I4mohuaOLl/YuI="
            }
          },
          "ZRGZVZSSN1SqoXE11DXpXvoHZewf/v7Es4/TEdDpPno=": {
            "valueMac": {
              "type": "Buffer",
              "data": "6VVaQBDWYZo7m25KNfStHtShVUz97WO0nIEJ1dAF8k0="
            }
          },
          "rWgOpWVv2SUc/xy1eJDDkO2aTJhdtlyL7MhvxkcHyGA=": {
            "valueMac": {
              "type": "Buffer",
              "data": "5iw0jBFWqoisdheQ/DAb0vgXoVOhDywM4aYo7C0Vq8Q="
            }
          },
          "B9GT3WP3iXFMemGTj4F3CwQs77yLgw9UPHlkK+YJPt0=": {
            "valueMac": {
              "type": "Buffer",
              "data": "tdp/imMzCjFf9ztJ1lPyisfBUke9canxH/sNyGRmF9w="
            }
          },
          "Ntqh4gKmEBft1RllM1kqvkH9oys+4xF4rPm8juJ4kkE=": {
            "valueMac": {
              "type": "Buffer",
              "data": "sI+BUW5BdzOSpOnqPymTEYxtk46DforQa+csm51HxhQ="
            }
          },
          "099N7mWaNje3V7BIWvOoJRPNeWfh+9DAWpIY6sCmmP0=": {
            "valueMac": {
              "type": "Buffer",
              "data": "k44dgStIhwKEOrBkEL/FslMSiDT+FSe/Jm0Y7GtQxvA="
            }
          },
          "3Ddr0ICyfrTh7nZthXcaZaz5lv+mOsuw8X0+jFwiZmw=": {
            "valueMac": {
              "type": "Buffer",
              "data": "odtxbSA5yahSVXJGPNDlWGSobXcB/f0AFwfHimBgC+Q="
            }
          },
          "1YNTe8vaiLfgcaEU0FxErX953I6wU5FnHlxayKr/ENg=": {
            "valueMac": {
              "type": "Buffer",
              "data": "JbvbbFwPAOI+z+q4NuSJ55Vdl8F+ocN1+L6RkXYMVbA="
            }
          },
          "s9ua6beZXsXp/E0OmjhS9L1jUyQoe70jMfKNG5lHFUY=": {
            "valueMac": {
              "type": "Buffer",
              "data": "VsaUoRVaokoUctpvTvk0tpXovwQ24vwk2tpgnx6EPOA="
            }
          },
          "PtD8J498pv2qmJTc0XL1N8vvrAvZOJE0ODqAwFiCgMI=": {
            "valueMac": {
              "type": "Buffer",
              "data": "kY0NvQGgHt1aapo/tP3WryziJH9abnhbrtDZZsuBYWE="
            }
          },
          "HiVVvwN7KCvpFhBwvfEdJ07EdOdsGAy0gW/4xFx9sUc=": {
            "valueMac": {
              "type": "Buffer",
              "data": "ComxuGwHQdWs8MW1tPdeLsr7sHtbWFTnuMzI+vF1Vbw="
            }
          },
          "1tQ/2t3jM4azcZkmmnaXOHCm+PCkFd5CCe6pxzfmdsE=": {
            "valueMac": {
              "type": "Buffer",
              "data": "9VisLv0pQQkWOXFsURff2xzis/jv956XwK+GZFXArHk="
            }
          },
          "QRdi9caR3Tyo02ZMnbyIJ4EUdFfYtdVO1OlkUkGrJBg=": {
            "valueMac": {
              "type": "Buffer",
              "data": "ZBgnNpHGhUIw1hOM9/KZo7zkAIoLvZlUUME6b7R8zTs="
            }
          },
          "PRSpaJ44HsiacHDVFmg87ZKua2z2iXyl3LnFGHYXhsU=": {
            "valueMac": {
              "type": "Buffer",
              "data": "OrmiBbmREtl5Ay2L6svu/bnZZ4gD+NAmhb6bvaWILPg="
            }
          },
          "cKHdBagM/C2mvgaicqU4l8WZM4XgfSbhUwHvedE60Qc=": {
            "valueMac": {
              "type": "Buffer",
              "data": "E5AF4+ScAjrqgPNJDPHKUvcmrT5vS4Xh1itbPKB4tIA="
            }
          },
          "KaKaaEbR0fB2j/9RJZb/+0amBjBnbXd1CCjnR3w5JUk=": {
            "valueMac": {
              "type": "Buffer",
              "data": "Z+wnubD6cXihAsxage8wz94ZfZl/X/0Xx3Vyju8yiPw="
            }
          },
          "LlQsT89YB3VKL62VLve7PB9dC9fp3LU8BVsrq1wldQg=": {
            "valueMac": {
              "type": "Buffer",
              "data": "CPVGgFaFKCgAugE1xPbX0C7LcKbV2zWYDZQUYoHqxxE="
            }
          },
          "iLcu59TyLCBfaoKhzEn59EVSlQOTRsklHMjSk/I6+nU=": {
            "valueMac": {
              "type": "Buffer",
              "data": "80VfjvNfLw9QjzWHZ7+GMlsdxooJKsFOW1J82szsYA8="
            }
          },
          "Tmvynv+3Z+1VEMkqd45UgaBm6YnbEu8cyJvYFW4Wn7A=": {
            "valueMac": {
              "type": "Buffer",
              "data": "35q7IVi9dFIweUKbhYvwC9kSeHR6gHsppvfknJV7XMk="
            }
          },
          "70nt/LBhLJZKx7SZRy95esUsdDVSm9wyRNSTQ/FGfjI=": {
            "valueMac": {
              "type": "Buffer",
              "data": "c7iUhoHLmczgyJmBE4sMpMpBaqZiN/X60T0Aiz57uxE="
            }
          },
          "vE4XY71xxDbx/OkRgpGIwEr9Ld4aFKLJdJ/kFsgX2AQ=": {
            "valueMac": {
              "type": "Buffer",
              "data": "XZNwZql6Z2Wi6PwipH5ZMpsjpqZucs84fc+xfewOI8A="
            }
          },
          "PunU4VgvctY84iFNvmygTwT3SJO3TCqCl/1XYBEUPAY=": {
            "valueMac": {
              "type": "Buffer",
              "data": "Ot33LYXgfmTbYBr2oL6oVZDIeJOijBvTpMnRmBxIVhQ="
            }
          },
          "syJ8jEBriweYH0Ld5qAFHQTpU9xpxep/mO3V2EioH4Y=": {
            "valueMac": {
              "type": "Buffer",
              "data": "xcM8TLKRTrNzR0vFalvKdnSd0PxrVFAd/czhykz42uQ="
            }
          },
          "mwVBitKGGTJF2qBF5jmiHHoEiLXOQzLhybvX8dySXec=": {
            "valueMac": {
              "type": "Buffer",
              "data": "5vsYVYgsJTfE2JZaup28y1RIdtrWSEAn15X4Tp0jjHU="
            }
          },
          "ENe2/rfkLlHwayL6BLhEtJBZgo3bz9sUq5yQEbzfgno=": {
            "valueMac": {
              "type": "Buffer",
              "data": "nBQzxMwJX4p7+JaxuWthUH1V4nRNMCmhOUFnyen19Vg="
            }
          },
          "vLmgN2zJMChda+vDP7KYmjfCmcAbdedPulnV6sqsDGo=": {
            "valueMac": {
              "type": "Buffer",
              "data": "5zIf/AR9UWsOjuLWcCRq1/3tJ4OH3bgvBfm1fU4XLWk="
            }
          },
          "hzJ+oP/17FYNaix9oEOcagSXIOdLqgCWwMD4ejormu4=": {
            "valueMac": {
              "type": "Buffer",
              "data": "7jhFYyVqCGm1tDfREcU5sgA2zKt0xWdmBIP1ywYPSV0="
            }
          },
          "Zacd5JBNSpkr8BK+ncC7f+O7lZ50qNjpx51dOUrfMN8=": {
            "valueMac": {
              "type": "Buffer",
              "data": "PmFHlocItImdoTp0PAyKkb3x94GGEcpHzy/2TKP9lng="
            }
          },
          "j90p73je2+7T8AiFhjk2sW1aPD4ua/ZS/fX/z0R0vSA=": {
            "valueMac": {
              "type": "Buffer",
              "data": "umxND0GYbq7VpooR19LG2t32u5doEPTQsmLitmvSmSo="
            }
          },
          "/TWSnB/qyh7CEC/zfwfcNjnebjr5l1I9rV+cmEmBceI=": {
            "valueMac": {
              "type": "Buffer",
              "data": "Lbc9iNh3yhgESHJsfzbfIO89nfncAuSX2A+hgJ3VdmU="
            }
          },
          "VKz6qowKNM7htM4BQY/K39ojnjsp6nwAB0m29n5aAzw=": {
            "valueMac": {
              "type": "Buffer",
              "data": "Cl2ZxHiJkNkwkHiJFpOFHYObYSfq26h5nM2Ya8GKFPE="
            }
          },
          "HMOIPj5JikGtmaca/BMmKnBup0NeqakGX5nrbj24XTY=": {
            "valueMac": {
              "type": "Buffer",
              "data": "jQZsBadoSqHCM8LX8Py1GMQ6E154yqmPEBqgRfhzpUI="
            }
          },
          "Z6ic1VfMS/CyNkc5qyrU1Zto4Z1hmV/lenn7BGezRnU=": {
            "valueMac": {
              "type": "Buffer",
              "data": "StIpWkcq9TcfZRC3o1LYnLf5tkBPOzvk3gibnta5QuE="
            }
          },
          "3NQNmXtT2kb/zSh1UJ9UETksKVUIYVgzwliWUCkSWQI=": {
            "valueMac": {
              "type": "Buffer",
              "data": "28zxtJTAOlsZoasjwWaIprHxJKNKZO5iK3KXcYoc5ZE="
            }
          },
          "4pGpy6Vhc7XvvsDNNaqY9Gn0MVE2zmyrFS+x3orzQjM=": {
            "valueMac": {
              "type": "Buffer",
              "data": "ZXDx6CbZhPkZxRssE0kpIkwIDNRBNWcP9Fx4itGob/I="
            }
          },
          "BnfmmvCHGi/x9gBsbmCBTX7+reBvDDRzRsEXv9NHQrA=": {
            "valueMac": {
              "type": "Buffer",
              "data": "Q6RFsaLMvMlKF+W/JfLq0PgngeWwJrNn0uBaYFnzp3E="
            }
          },
          "L1JNaKZznfDjiVA4xXEeiCz7lxEf1TvyX8E0YOczU8w=": {
            "valueMac": {
              "type": "Buffer",
              "data": "JoUH+2J46TjR+oDbl/yrDpFpeuVeZrdht94IWP4zkf4="
            }
          },
          "VkZV4SpFROC7Xamd3peo1A3lpi5WtNnEJovo7xUTpHw=": {
            "valueMac": {
              "type": "Buffer",
              "data": "zSD0Wy2YMIMsxsJz+zq+YTGShNTj+vSHTxN4Bx3wLNI="
            }
          },
          "35vXNoEj00QFQqiadJIqcri3tet1u5+Ih043GJLVDyM=": {
            "valueMac": {
              "type": "Buffer",
              "data": "K4ifZFRtAlnJ2boBZont/Nf9u8G8gKRunDFRFboukAI="
            }
          },
          "7QTfc2Sg3g34v8lqjq16c9WDBNzdWndHeopuQMu0fEk=": {
            "valueMac": {
              "type": "Buffer",
              "data": "VrdNzg5fXUXzLosoBm7LFyOqmJpB5a/8Is2WDZMhz2s="
            }
          },
          "fY+rDx2QKfMweUC7NKZsPdMgGdyFKUiwmlYJ3C/lBKc=": {
            "valueMac": {
              "type": "Buffer",
              "data": "ThSMT34c/xkkNTik4YVSLJucNsyGPc43Uof8bb6oVFw="
            }
          },
          "pe0qf5H6r4s5IPzDLKrYF+RnTeWMsJ6c41xehqykf2A=": {
            "valueMac": {
              "type": "Buffer",
              "data": "Abbe39vmHnkc1lnG73Xzw3Y8LG6DTWZJpFgM5K/vwNQ="
            }
          },
          "w3OLDEeD4CvOLSUqdJL1LWGfZUty6jdaUZWLeJLXTfI=": {
            "valueMac": {
              "type": "Buffer",
              "data": "Ewh4t2tD/xjcvYFvkPjfumfT1GdSJLvEdZ3C6TE+V0w="
            }
          },
          "yMiHtatPyTNTe9JGILI1kTjcwC3klVXyFZinx4ZqYO8=": {
            "valueMac": {
              "type": "Buffer",
              "data": "y8sAQksDANfO+SYLVDZsNINebVsmWbuISHxlYKbgRKk="
            }
          },
          "ngCZelkurrotl6nGAO74OLsvFh2AStQGqUutJ5mooyE=": {
            "valueMac": {
              "type": "Buffer",
              "data": "C9aRO2oVisbcGDEvwwV5Sn88wTDv01stDqtybyN9fbs="
            }
          },
          "z74ZNooqtVOKQbXzrM2XPMLGOTG3TdWwOUfk3xgRZMc=": {
            "valueMac": {
              "type": "Buffer",
              "data": "L6+i5fN0pnJRdzDJaQxmlRlZtZ/+fw2wFaARpFfQmNE="
            }
          },
          "GIRFt6WbcMMocswluYUH0kx+s3d3iXHwrn2FjN2hrS0=": {
            "valueMac": {
              "type": "Buffer",
              "data": "RUJ7LAfXDwV4702C+sAG8st1ixC1TPgQK1ZTm+dycRY="
            }
          },
          "WzXKlhqUJZWJC+h5kFfMAeo6C39d50QzfVm9lx7/KrA=": {
            "valueMac": {
              "type": "Buffer",
              "data": "u1g1gm7GvTFzsZjb2lM4IFMCUjAKOY+5BTp14cjU/es="
            }
          },
          "2caG7kvOgCtzdnO5yiMtfR8lxXWNrOtPTHWSpPnZZy8=": {
            "valueMac": {
              "type": "Buffer",
              "data": "4+potarXM+/imv4S0n7OcoeQW4XCXFYJ7q4+2lESvh0="
            }
          },
          "9d72MFNZhOOxpLEhA0fE+w2HyWNEr2KWcoZabYOjvF0=": {
            "valueMac": {
              "type": "Buffer",
              "data": "FzKYBnQG7L9D/Rji9Hn9hF8HfWXUmMV1f/EuwJVzOYE="
            }
          },
          "5aVt1n1lcmhjb72Su37X7JnYIzxwBInCcr8YBNe43OA=": {
            "valueMac": {
              "type": "Buffer",
              "data": "KXtJlqfMWUm48x4DMtUPEdfcDMsPnfBuxF155w0dCpQ="
            }
          },
          "ZpUIablklD4Cd3vm20D8uZWJvz2qezAg8ToTE5Ht1lU=": {
            "valueMac": {
              "type": "Buffer",
              "data": "SJOjlo8ymUPYrCsqWM/G4YHqDAkgyKvMTOId5BJ8jjQ="
            }
          },
          "/ppjkD5SOu3ShfdLPv6uTwiex1dUaNBJipIGc0ff+qQ=": {
            "valueMac": {
              "type": "Buffer",
              "data": "SAbtOLocdTqSmMn0u54XUUgnVavyBg1OSYw86BBtG4w="
            }
          },
          "WicnbvMSloT1JO4pzhZRsg0NaL2K3kavIkuSE7FJDYw=": {
            "valueMac": {
              "type": "Buffer",
              "data": "iMo8WRLQy+FOrP6cowZhcvSw4UGfR+e2IqLvCupSlos="
            }
          },
          "gbvpcQSVGyjqjmFnVakmOy8dVSCV2oA6xfGtemcpgOM=": {
            "valueMac": {
              "type": "Buffer",
              "data": "/l9Uxk32EyG+Uj/zXRkY4R4IT5D87JD2ugigWggsvPA="
            }
          },
          "0vXMfFSm8Y0JWUbP0lVsAD0bTtbp5WsGiRxJoyvhW5k=": {
            "valueMac": {
              "type": "Buffer",
              "data": "p9VCYq8vwNydw8UWIdbXOrIKf6dmf79pQMAHq5nyjp8="
            }
          },
          "N2T9BnD2Wl9eJPzIjSu/qUQpbm/3DZLe+7XBMPsz09A=": {
            "valueMac": {
              "type": "Buffer",
              "data": "HUcZSaH0FOiAUnvIArLcPYfk2AXdeK6/l0lSjThwcMU="
            }
          },
          "EmIlSIpWDO1bzOzJBgdnKROc+Gh3G572ulMZy9Sjryc=": {
            "valueMac": {
              "type": "Buffer",
              "data": "JXrM5kXV77FLFmCmpRZgVfU9dzLHtbrdpWzTZyLdtl8="
            }
          },
          "pjpgnIuN2nMufOP+5dmdJW+iRw7+8/ihDtX5VUteX8E=": {
            "valueMac": {
              "type": "Buffer",
              "data": "S3Tc6Kq/683/D8nPfAd0j7xxuNAg4JaLRH7xMaCcsEU="
            }
          },
          "Jan4sHnHj7yPxh0Upr7yE2ZcOgbTGJbSB4ABp4t53Jk=": {
            "valueMac": {
              "type": "Buffer",
              "data": "nCs+Tu6jwWJsvxS8VN8hb4KWrQ4rGCWh2SwHpEbCrF8="
            }
          },
          "WSlKiV/PfXbqHK05y4hJoWnkVcuk6eF56MFzhA6D1Ds=": {
            "valueMac": {
              "type": "Buffer",
              "data": "n6wt8g7HSJwWJTq7a6QEjxuCqz8QNa6XXZEmlQyfhOc="
            }
          },
          "GqBDZhtiHaV1WjSfwLyCht6XmPpzMGyf2BI/0fPFFxo=": {
            "valueMac": {
              "type": "Buffer",
              "data": "MRZmETcYoz1H0cKP3BLkvlKitPTtq8b0vlNbe95+TDE="
            }
          },
          "eangC7lP0KC/fYO8dF1IK20XF7rksH76oECU/Iaccg8=": {
            "valueMac": {
              "type": "Buffer",
              "data": "adysr54FngGps4oMfT3UdGSwvMS/VnSLQqIoPxqVZhI="
            }
          },
          "tjNlwZ0EY3Pc2qzuPy2cNGdw4zCk5CBYMoSEJnXmqfA=": {
            "valueMac": {
              "type": "Buffer",
              "data": "hJ9vR+YCNahrivLLWkL1jnW6Pm2Z8n06AcWI7kaTOCg="
            }
          },
          "n/+GZcpP53Kih76T6Z/bfDfpw2o3h2Jg10JaFLDSx9c=": {
            "valueMac": {
              "type": "Buffer",
              "data": "h19Wz/3/qBBp3LpHH5G+lAcOMDRfsCL2Rd+lH12j+mY="
            }
          },
          "XY6vIpiiG/Zt2zZK+jyFgjHnjlshLESj/2WKomfPoPg=": {
            "valueMac": {
              "type": "Buffer",
              "data": "3WID/WCGCfQUbkqNq/iid3kJXyAqJlYO34a21NYL9vw="
            }
          },
          "e3af/Y/abtifRp25+giBasVSFd13eoqVyWksRm0qvlA=": {
            "valueMac": {
              "type": "Buffer",
              "data": "7Dheq1zu6ULLhDK+m0O7zEH58oFXnMefEMIGaUsQq34="
            }
          },
          "24Ld2rsh0Lo1noAeFrQHuDpFPNwVBXpYVs76LwsYG1s=": {
            "valueMac": {
              "type": "Buffer",
              "data": "Cmss+VfUR5PNDJCRerhGXdp5uTXVp+gnHedPlKmD8fw="
            }
          },
          "MZKqI/m9HDDXT2kcz4UwlX69JWIo/anyo77iVOGBSpo=": {
            "valueMac": {
              "type": "Buffer",
              "data": "sN0AcF232zmCoGS/gIlUZ1o2BYbKg+Qcj8WY4D020LE="
            }
          },
          "OQY2DdvV8uB4JAXwpTkSS7XmZcu1ZdxMADdz5f03qOE=": {
            "valueMac": {
              "type": "Buffer",
              "data": "E8S5fbbMfU/B3BzVgrcNEaLlqy5x5QbrGTavUwdpY3E="
            }
          },
          "bTLhZIkxfArRpPTOq3pFdh2IUWqCAC+QF6xExnDbRHs=": {
            "valueMac": {
              "type": "Buffer",
              "data": "jMob7fVY8XYozakMsG4L9XXzbFDYMktVZ9AA+YBrBHs="
            }
          },
          "Q602VpmuIBID1pPPLsxIzHRmxDYqi9oQO4AhiQ3Zikw=": {
            "valueMac": {
              "type": "Buffer",
              "data": "bsIbpQdnbBfBx54k0RDlBowaQAmh0+JMLiruZGg/s3I="
            }
          },
          "IfW5xJmzyGAMXYYa4kBdyWqzYe68sEJZxWKBN6Sg7YQ=": {
            "valueMac": {
              "type": "Buffer",
              "data": "3ASGeMuCnDmw5SnMIti3qgSR/jxXjl2a9iRrIMQ/1hU="
            }
          },
          "tSXmwW/Rnye40YatcIeewDUB+2qwdV9tOryelntXOVs=": {
            "valueMac": {
              "type": "Buffer",
              "data": "T68d6XBrkI+iqzKiOCYgwnHPkwy4X6K/TkiMT1ZRXBw="
            }
          },
          "LlACHx8wljrfljHr8C8zSzge+jpzUivRNNrPte5+c0c=": {
            "valueMac": {
              "type": "Buffer",
              "data": "kr5Y58gkVvk6oXfe62fGPet2A/7EsPjDBZGODPo+6Ss="
            }
          },
          "xBP5mijMPHL8/+y4TKQdRW9336AQDlbMhn5R1mU4dMo=": {
            "valueMac": {
              "type": "Buffer",
              "data": "OmROtOqrBWX3KGPjuxZM1DyI/FGfWECj2/1DKLLXiMo="
            }
          },
          "1p0Ek2eFNNYdna6W5FKdgCFVAzFo7W2Z5F7sDwRXWEI=": {
            "valueMac": {
              "type": "Buffer",
              "data": "3H/JzeXe8+9BPzoFhlt+OlAT/aVBuhWH3zbcK4hkHk8="
            }
          },
          "1QrLLVyGR60XOE83GFuNdpqd4B80SNI1v8JFA2BY5FQ=": {
            "valueMac": {
              "type": "Buffer",
              "data": "Qb82rxp2M/r11n/5sqS5jo0JQ+taBc5b9336OyEgpC8="
            }
          },
          "QT6Cri4OD7h/L4bSdtnmOgrHRwIXLyaDSlSZyZUHlMc=": {
            "valueMac": {
              "type": "Buffer",
              "data": "mhGcDPeXNcSRSZdKfiPd8AAyhQZ/RFLikYCZzjORVM0="
            }
          },
          "dgxUFGAt0szfdoQ4XYpTmccMqAS3phMnmXh5vlo2cCE=": {
            "valueMac": {
              "type": "Buffer",
              "data": "fc0B352Ue3FQkOHd2RC4odLJ1nGwulm2eQnN4L2kl+I="
            }
          },
          "lSawCh+SBXmfON8FDySyGfdcOXXqEPUkVVqUAq5hm+Y=": {
            "valueMac": {
              "type": "Buffer",
              "data": "O7jLKRr7/KCYwqPniUW4x7a8nZT681yCpmY8coJOcn8="
            }
          },
          "e2lMmG9DfnA9nIDBt6TJ+nofNqrdZBmJkeJFKJdXpmU=": {
            "valueMac": {
              "type": "Buffer",
              "data": "VK9y42Hnu78Y3ud+BbWx7b2ux0ijGD+1E9oXIGNZrdE="
            }
          },
          "YXUUC0nFC+GXhgeMbtxA5M1bgTlB49K6sgLS1+cHQO4=": {
            "valueMac": {
              "type": "Buffer",
              "data": "S95ejxNbwHBykppGKPweD32h3ho1r6J3A+vIiNVR0wM="
            }
          },
          "ie78sUGaSHK9twGZTLosiSmA+jjj5grqz+UpgopVO5Q=": {
            "valueMac": {
              "type": "Buffer",
              "data": "4N7UeypB7umCwGwOfZMaT4SZo5oQlEzOBI+pl6cjBdc="
            }
          },
          "EasCs/xyLl8Wl1h7asDx5WiM8VrvskWdsXoah0Zn218=": {
            "valueMac": {
              "type": "Buffer",
              "data": "y0rNm+6hZ8IPBa9C2AMVjQhh5cCd9zoWRtNHoTM4WQQ="
            }
          },
          "vQ29Jq0UIP7I+SkKXLa3a2YfY9cYd6EaPD+x5vJx20I=": {
            "valueMac": {
              "type": "Buffer",
              "data": "aE/sOW7Fp/zVgELs3EpoXdYAqaMUQdtZQg/uodfrk4c="
            }
          },
          "hamDO/f8U9+ecTu8cHYpPITVcXTBUZDV5Zh/cuP+SJ0=": {
            "valueMac": {
              "type": "Buffer",
              "data": "rk54tuLfX1XALRe+KTAaspGxhCcNY6MP2eKzsADRqFQ="
            }
          },
          "xJZeHtbkHlsItgj3H4jCEpnDS4bxpEQrchy0/hp44fw=": {
            "valueMac": {
              "type": "Buffer",
              "data": "dPMNVbB2tuaMgpM4aXb0oa3ghl44HqVzTysELETyIX4="
            }
          },
          "77DuX+PFr8AI6qFCQFsA574gqxnkhzAE7iLBU2xhDVg=": {
            "valueMac": {
              "type": "Buffer",
              "data": "Y33NVV31YGgQxmeBgOzbildkQ1KMHLAkiKO/IMeSiqc="
            }
          },
          "F0xZkgi7lKppWRSfCC/RsUkxUw6gGeex+NB8wmyGVVI=": {
            "valueMac": {
              "type": "Buffer",
              "data": "mreUgYIaNwQBaFwFgGzyZGBYozCif4XQ8RHQ72AUYi4="
            }
          },
          "qfCZC22E+eBjoa5zkEuXWUw2ujMjiIeaJ47mIKkEUSc=": {
            "valueMac": {
              "type": "Buffer",
              "data": "1dHDqsy86UxZYaHwYmQ6xnGIjBZSbLx8sof6wK16S/o="
            }
          },
          "0t3K0uQIRqlLRSXtMVDnmIPt4CkzvheVUp9CG1/E60g=": {
            "valueMac": {
              "type": "Buffer",
              "data": "owwn0yDCHassmbxtm99YApZ3rSslR8puNKVzUuz3Asg="
            }
          },
          "EIjUf8x8vdphyX6aAb22X0qi/q0XSXT/gRORX2X+IYg=": {
            "valueMac": {
              "type": "Buffer",
              "data": "5JRN5CiD9Zy3NLynMtD5paKA1Xdn8kPuZajZUUakpl0="
            }
          },
          "CN17EbSjeA13JMSNWflkI03VK2E6XjWQrY6uRNh/IYg=": {
            "valueMac": {
              "type": "Buffer",
              "data": "90NJBEseRmLw0kGWUjcqwnc6tzn3jwdWj88sx/WJz7s="
            }
          },
          "uWLhtococvMTzamQb91PWcDF+jILl2txdmaV2TQ+dRs=": {
            "valueMac": {
              "type": "Buffer",
              "data": "8fXTFP5VxGY1VI32CvPsWMFYcQCkk5eQnik65VCWAbg="
            }
          },
          "ffTkWZOK6aa40BiW64inv6m2U3m5fLug4S0uN/XP6Ac=": {
            "valueMac": {
              "type": "Buffer",
              "data": "nyA8dUZ1BlCSgZYBHrQFFo+uhsD42Q0Mjx+J2cPlPsI="
            }
          },
          "K04W+T0e7mSFWJKPhqoSp85rTRgmSZ8zpl6qkThCY2s=": {
            "valueMac": {
              "type": "Buffer",
              "data": "zakj8x2NLIEhyGIQ1u5/dn6oNUomTsVYUZoWKp3JRtA="
            }
          },
          "7ELQjKCjVUOLZx6dMs42pI4qxLP7rvR0Rv560Cf+oGc=": {
            "valueMac": {
              "type": "Buffer",
              "data": "hsGmLPMXZ8y157AS5iy85CB4nNbi6XwxgvowrSnx4n4="
            }
          },
          "CsmOV9KPmKMWd0oaM7B2wbdGYHWFH2b47GIFPDk3k/I=": {
            "valueMac": {
              "type": "Buffer",
              "data": "kGpGKX+Cew8rp3JGqnFuk5hLXvOHI/T2pdHt4g4DWCo="
            }
          },
          "i4Ql659WxPX8FysGFyP93D6uis/s7/O/t5IWcq3mi4Y=": {
            "valueMac": {
              "type": "Buffer",
              "data": "mq6cXsFew7yDpgRaF3jKnQ0rpIBiXy/cxsGz40NVSHc="
            }
          },
          "+zNvSUC2pimRVXIEUXlIv3qMo8cJBZaKg+a4gJVeDHU=": {
            "valueMac": {
              "type": "Buffer",
              "data": "4z49IUAiz/4KvoU/QT2D8UvfxHvqu9jzflQLHwRYLQM="
            }
          },
          "glCKlPxEbI4HbPPerLFUuZQUFRsLnWPvdI2MZmkaIJc=": {
            "valueMac": {
              "type": "Buffer",
              "data": "YSXJx9V+eqdXzNHY8s6qOzhyiAtHqqTbtgEQClZUnJI="
            }
          },
          "Eg0dELkGiYH/K35v+p/x2vFhA2XrWC589kBdrIGYyv8=": {
            "valueMac": {
              "type": "Buffer",
              "data": "Ik4G+p4Qeh+jwbOsT8AF+9+bnHsloVjJthK9CyEkFSg="
            }
          },
          "aa7F06cS/Sbn/UeGk6XjZyTt5cJ9LRMQgdKESfuPOE8=": {
            "valueMac": {
              "type": "Buffer",
              "data": "WklxD1PAgjSKlUCGRAoioS/Wb9ywUjI/X6V04pNErC0="
            }
          },
          "EQuMghTlVtaxwRPVyS0oXGcIezBiqb4rtodG5E74QYs=": {
            "valueMac": {
              "type": "Buffer",
              "data": "UDDRZXH0gk8GsIw45zsDe+SfmK5xIJ3me6Zvpw5xXso="
            }
          },
          "Zhkd3LCpkcEoRfQ9e1seTKJYGT4/zenPOmf1ty49NG0=": {
            "valueMac": {
              "type": "Buffer",
              "data": "8ri3zwMAeTwH2LwjkUn9pkYZEwh8JmM0pX0+WkZXS4o="
            }
          },
          "QaTSX9eA5YvKUNnAzHsmRSXO+mbTKEeJ9s7GgRemiuE=": {
            "valueMac": {
              "type": "Buffer",
              "data": "V8TsXuq4H+hDD0t4J182POp9l9Abv8c1qQ9On+jJj90="
            }
          },
          "z3EWMUMmXAslyMcabdDua+SRu8Zz8Puk3snMTivv3Es=": {
            "valueMac": {
              "type": "Buffer",
              "data": "f7JIecWVrmh/T5gwgW76FJxogLdE/TtvLX6nG/3AdgE="
            }
          },
          "qmaTmvDkPG/L2VFouME2bGoz7VXhQIq6KENad0VByk0=": {
            "valueMac": {
              "type": "Buffer",
              "data": "ycFaFLuXXCumW4EpZqj0XFlvMmJULEuGo/la1nkQ15U="
            }
          },
          "FVowxRT8YIaoJ7qtQZAl3a8ZK4ZlOfk12cH7Qg3qd+8=": {
            "valueMac": {
              "type": "Buffer",
              "data": "1QnEu+WSujrlbNXJuZ31aJ/c7e96qqpXezAzT6HZr2c="
            }
          },
          "4JKiuCOudWLHHITSQpNdTPaPmSGJDcpd6Y07jbo6XuM=": {
            "valueMac": {
              "type": "Buffer",
              "data": "QPwXgOArfSvnxaAZMnicgTHw5pyC/sUSi4ySKvQrYE4="
            }
          },
          "NGdAnajV5dMC50DjeNNjlR2xLjRy9lHOy9vKdPSfF9o=": {
            "valueMac": {
              "type": "Buffer",
              "data": "/5/+AzPPocGTXYXNQCG/fTw0qaBNvvocGomSerDr62M="
            }
          },
          "tV9AEwiIv7vqG/yAMyGhpPMVCGbJ6XmbU5W6NxH36Ds=": {
            "valueMac": {
              "type": "Buffer",
              "data": "4teLf/E7ks8qNMjqp32ClHIO88HR8+pUqvNQGfm4N3w="
            }
          },
          "rAY+b5NZwOLhhUXFqFzBawpQbiEYV5ci7qw92DUT8xo=": {
            "valueMac": {
              "type": "Buffer",
              "data": "TG/tc+Yzgiy7SVW57dzppwK1ba0UwHLI/XeyuppRt68="
            }
          },
          "IGELx68KxjrKXDUMMvh9nFxGC/AWSNYH3/LuXFPYmn8=": {
            "valueMac": {
              "type": "Buffer",
              "data": "M0BHByocUWPeyMuXLjqeIDAyKFmZ4BIZ/ejJZEgtJ+M="
            }
          },
          "+aGTGdyQaEelCphLSudnzXojJSmzCYZ3XwnlfY7GvM0=": {
            "valueMac": {
              "type": "Buffer",
              "data": "voA5HfxeiXy6Ujx+mGbkhQTDuhajFlB129gE5UkhX94="
            }
          },
          "zgYaku+dW+457mdY4kZMlQVDV9MbjD2kJWkyULxiX+Q=": {
            "valueMac": {
              "type": "Buffer",
              "data": "LlhMCp4P1zpJ7hcvHIwG0okDtiwlw/MR2j6DyxaSAZ4="
            }
          },
          "1Qjatp8IJVC0iRYPlJM206k9d75Pq0p0ZiImdZe0fPE=": {
            "valueMac": {
              "type": "Buffer",
              "data": "AQJrLS4iTy5ICPTRavhs1eDd4hMhWWUxhaSih9Rfi4A="
            }
          },
          "J+fxmfXakyeinglhkDMhhAzMiJLh8skc60HJOR1/bno=": {
            "valueMac": {
              "type": "Buffer",
              "data": "IfcYLC1+jUGRFoVxxm/k+1uW0vpSvNEU1yyAd3HCe5I="
            }
          },
          "FuzP27CDtD02me3lQWFCdjTa0xzxkRAxp4BiS3WJwSA=": {
            "valueMac": {
              "type": "Buffer",
              "data": "QuxWgQELihxqBMtghhwAZqA+OJ5znfmyUeD9eaz6Wms="
            }
          },
          "hlzLmTyoQonpivXGeqnU1BSJjOENYWTjF9J6UvqxGwA=": {
            "valueMac": {
              "type": "Buffer",
              "data": "UxuqS3zjm7XjAQ37BBgHbQa8PmfKEI8YbqYjltvKwZA="
            }
          },
          "2XNBLCfSLzcJxIis9d4BmZlffzUBC7cBYR+qvvS6Yus=": {
            "valueMac": {
              "type": "Buffer",
              "data": "YMI+6w5IDCKTOCn3+H74mDy8eKvQJ35fWKTyqkYPKeI="
            }
          },
          "FgGjoCJY9ahESU7kFtVygpKKjN6GFmHMADgSshNo3Yg=": {
            "valueMac": {
              "type": "Buffer",
              "data": "yDkjSQMtuA1vzal4okBHMwW7QDE2jbwgubKEoJC9dQk="
            }
          },
          "I2Dhs9jLLTKspjdn+eQAG3Kg5iS9vp6XMPwf4liILoc=": {
            "valueMac": {
              "type": "Buffer",
              "data": "87+Xra3I4CKc/THECeO1XsADEu4FP9I51htYrcU2IuI="
            }
          },
          "ycrkjuWfJfjoQFdj1KOh3JTyA0L7ZIAtgv6HNd1ZI0w=": {
            "valueMac": {
              "type": "Buffer",
              "data": "svTcSzYdmm4Ab51M4Z3XW5ihqv7ZW/OBDV7d0ies6Bw="
            }
          },
          "YOULuSttxK1kU+VXFOLStgsXI24ryvlimr11jsvfGIE=": {
            "valueMac": {
              "type": "Buffer",
              "data": "rb7G9DEm0SaZJfDCc6HPjVnxOi/v2ej0xPhTNtxcYFY="
            }
          },
          "k4XjzjZPkGkbyykxhCGDDSVFMoaHtmoCv7K3jWewCrs=": {
            "valueMac": {
              "type": "Buffer",
              "data": "g3YUe88uJ4U2kuSOM+5kPhCQEtG+mG+ayH5WDJv9cWo="
            }
          },
          "AdulAWZiuvlBr2uJ7k2P9WD5kHElVJW0/9Fucn9YnSs=": {
            "valueMac": {
              "type": "Buffer",
              "data": "2YOPH9E6n2XLJh7TFU3tTPoNai733L++rngfLfBum4w="
            }
          },
          "Oh8y3R0GXG7pahQufb2Urun51ftDQN06fUeSR3H38o8=": {
            "valueMac": {
              "type": "Buffer",
              "data": "UQN6cYaDerHhrqCE8yJi33BqR7TM95qO3XW6SsSlpfM="
            }
          },
          "kXNKwvaTAn9tECz4lSTXpD9+0tqfFR/oyW4R3xuvI/Y=": {
            "valueMac": {
              "type": "Buffer",
              "data": "QczbZ2LaxeMvIb8QMg8j0L8bYvwim3RMk5LOktWWZCQ="
            }
          },
          "HqMfTlXEe2WxCM3VMeSv6ERqWK35VNbTR8/hjAK9Pb0=": {
            "valueMac": {
              "type": "Buffer",
              "data": "RgWeDW9GCDHBUWdZK76derYn4vwJTAeVrkvonxM1orU="
            }
          }
        }
      },
      "regular": {
        "version": 2,
        "hash": {
          "type": "Buffer",
          "data": "ZdlPByRj3c8akuaeK9VJ+ObJf3M/a0ExRU/mU1p8vsPx4hoM65XN9u/oWqlkr2DRNWgxe3/3nsxcw2igVuIC6REU7X36s14Rggl+YWIMHvwFMsNyehBaRG8/2eeMse02TFmvMnGjQp9cbvmbluuYTvy0kMpItF7q9jpI9jv5bk4="
        },
        "indexValueMap": {
          "c/l8Q01686jSiGSDEj8k5lQFTU6GYj7zakBP4Q/aUeA=": {
            "valueMac": {
              "type": "Buffer",
              "data": "aVPT3Qo2ruLUuVQz+5BrApMDoneMxuzGaSf/MwV7bT8="
            }
          }
        }
      },
      "regular_low": {
        "version": 1,
        "hash": {
          "type": "Buffer",
          "data": "nGKa40FCAb+u5uqf+P9mu4xySNjYlhFBUccjX5sZ8OOhZYspUNOI+Ag84BViyaobiQrc5BCtuw2GJZr2E1c6+QCTbF2gvb9YNf2+ity8wnSIMlg5CQfzrRC0CkhSGS+veVBO/bWf2jrwxVujzKPzx6u4mDUrItTB04LpxAHTVJw="
        },
        "indexValueMap": {
          "tinItflBa2NP0Zim977CnyR9ODVYWiQjyZYyvBFF2go=": {
            "valueMac": {
              "type": "Buffer",
              "data": "bEVL6f8xz7PLM5yPm5t+wCFgTRgE9jEzb9pYrJoh9/Q="
            }
          },
          "00W0umW/No2XR9+q9LJwIgoLILXU3fvIC1EH4VyZYVQ=": {
            "valueMac": {
              "type": "Buffer",
              "data": "wZY5ekJX0XK3XeGghGsZthZX5LRAGuLlLB0duzGBdbk="
            }
          },
          "3pYE8/HBKbwml+hcZSnKrLQFwfH+8kYEVDLe0czVx1M=": {
            "valueMac": {
              "type": "Buffer",
              "data": "oS35tBe4aBJneFS9Z0cQ+YNmOTMh3EB7nHHkHzKDFfM="
            }
          },
          "Qq/J7RsfZ1UavoaG+8/n+uY/HnNuEIDLi4ZxsD31f54=": {
            "valueMac": {
              "type": "Buffer",
              "data": "SF41C0VKjQr5DMwvNmn+me+ibUTnaX6pu9qlj8tYjuU="
            }
          },
          "R0kzQOZWDVYJaPzFdB/6e2QKywL9X/758T6Yk1dpGng=": {
            "valueMac": {
              "type": "Buffer",
              "data": "k7jRc4/h7fC0iGunk72jasZyCYxVpTdZzj1gtTILuhk="
            }
          },
          "uRRwpzdXDBRutsZzVQbDVmgFg2FDAz+ldn0UwSG+iJE=": {
            "valueMac": {
              "type": "Buffer",
              "data": "d5psIN9aSEer3oS5ivaW8vUUCdAK14SpCQHGwX/8st0="
            }
          },
          "cbcAuKqbfjy5+0Endw0xJ7tZqLqhJsTHuH5PBgyqUrE=": {
            "valueMac": {
              "type": "Buffer",
              "data": "xLRzWqQFmda/QnclDR/3GUI3J/237DMkiZaXZo9Algc="
            }
          },
          "pygYJb7QpwEIxhv9dgZk/sfRkjmgnYdBjNnIyJjBqRI=": {
            "valueMac": {
              "type": "Buffer",
              "data": "tFdAFh3TBjL+h0T9MkFLo4uKb8mWnWKWg/Cv4qd3MOM="
            }
          },
          "23GX7gjv2/9LJ+BGxC62HlvgN+R0Zpp6o9ecSTuO+qM=": {
            "valueMac": {
              "type": "Buffer",
              "data": "zWsb5K5xujbXJvodP2+Wq22WiscgkHk9vu63iqps3C0="
            }
          },
          "osezAq/3hK7YbbgFcIpSFpACwFMftfVQLN+wNWQOAMM=": {
            "valueMac": {
              "type": "Buffer",
              "data": "r9/LcqdAbIeLNkxLn1KFg9omJOWqt8E3oEC6x9FvKwc="
            }
          },
          "ZOs3zyXwPja24WXdmBoeH61luXcmnbUhqUQBKqq2uos=": {
            "valueMac": {
              "type": "Buffer",
              "data": "UVuCDDUlDKBpzKWlCGWlsPCfJeDgWWinvYR5nkGUbQg="
            }
          },
          "3E2GW1TbJaLdW/E0F4lGzc09cfH9cS9cMfDoOUf1PrQ=": {
            "valueMac": {
              "type": "Buffer",
              "data": "R/AJNHnb6Fw+qAToxsdb4v1WDjB04bUrtTEudY8C+5E="
            }
          },
          "Xo6SfxI88Sd5WQUS1M3/aec9jJF++f9P5cPaz0f2piM=": {
            "valueMac": {
              "type": "Buffer",
              "data": "Y6d2eFzZP7swe2vDlkNOWQsHRf/0GKUbWKBW0uk4SeU="
            }
          },
          "BwJvVf40vF+eue93IZozui4AbLbh8+23MgEXfUDRO+o=": {
            "valueMac": {
              "type": "Buffer",
              "data": "kUpEu2VQBhyPj/oJBnPURDmTqbNzJGlvnb9TJ4X8B0k="
            }
          },
          "DJT+27KeLssvaL2wcyyhCr2oFuQhmaDD1Yz/Ec1h0Qw=": {
            "valueMac": {
              "type": "Buffer",
              "data": "A/rs583q5kY2oSKsYMxzFRQQgQA6yioi8ZLsDkH7vv8="
            }
          },
          "fUhWcAlAxanLxGbc+3e++7opL0yjqTtcsIKRdteYIIM=": {
            "valueMac": {
              "type": "Buffer",
              "data": "O24aU+mM7veFPF4/PpJFxRzEoNuXlIGURwi2hXSWHIo="
            }
          },
          "dCL24lCaJeEw61HbrY/JgABdlEwEvurUxiMtvnwwuWA=": {
            "valueMac": {
              "type": "Buffer",
              "data": "KwZuRjmpvu5DAb6hKwoLRBQltFdKjCR18nSwl3jQ1P8="
            }
          },
          "Btp1zegWaLREkrSfdER7wJr3xKmgQ6WEpZAKCip0ypY=": {
            "valueMac": {
              "type": "Buffer",
              "data": "Ga9jDoPEdLipDZHrwko1B5br4x9D1PzNhzMbmesDccc="
            }
          },
          "yIbcDfGEyN49AsqzooYbuOWs1OLj12TQnsaYWPgRgIU=": {
            "valueMac": {
              "type": "Buffer",
              "data": "4F8e7yQtAfpWzYTXx9CYIst5hPiHyCJz8d2b72hiut8="
            }
          },
          "9c6Ot6KZ7p+NOcbVzKFLJT7AwiDByJYZMZ1ew4SJtsA=": {
            "valueMac": {
              "type": "Buffer",
              "data": "KsDe5Y6A+LvyFYIuXtqy364Q3mQoMI1yoPzBH/aowEs="
            }
          },
          "DFKoo+uCEZJpN/ZUTMPZhI5tg7gBP7V4S7ij4M4pRR8=": {
            "valueMac": {
              "type": "Buffer",
              "data": "ByIL4w29o4Laj2eoZpEt2wTt9xKM6NYr2VzmOBatkb4="
            }
          },
          "lNb18ne0Fz+eu8yT8LHyBnqOzwqq2V3AInXKjk9peXM=": {
            "valueMac": {
              "type": "Buffer",
              "data": "n/L+iaY0b3Hjvlz9V8beJAN+kQjBcyU6WdLC5zrMAHo="
            }
          },
          "Xq1hzH4v1RbgIsEAjdkud4Fd8c6frrdBDNibcvMPf48=": {
            "valueMac": {
              "type": "Buffer",
              "data": "k7//MIgOR1XNdolsXAVazvLmDv3Rya5IepidI8kdSOo="
            }
          },
          "/rgU55cpB7L9Ti+dejCBLzCAZAmQgmgLCnD3x1WLWK0=": {
            "valueMac": {
              "type": "Buffer",
              "data": "WeJpxqkQMa6qcIuUSe1l1UvgMM9GByQTsKRM8Oix/Rw="
            }
          },
          "3PJPKff/+77wsm8Dcxz3rOSgVcYFzFosvrBj/NwCQ7g=": {
            "valueMac": {
              "type": "Buffer",
              "data": "hLUydyIFlblxRWkIrlUCMGkX8AS6i6wLuHnYIBwSLJ0="
            }
          },
          "nx4lS3/o5fY6HGE3LAwZSuRk+jvm99f7gb91JJ5HxA4=": {
            "valueMac": {
              "type": "Buffer",
              "data": "tFosJzwaeEFK5dTmuBFVW0s5NpZU/7d4EIbuvrU2N3Q="
            }
          },
          "D2MBwor4g8pla+zhlPRbj7nssvYdD0P+tV5wRcTAY5k=": {
            "valueMac": {
              "type": "Buffer",
              "data": "PnOqZc9C9r39GqwDzIAxOek4cBXQspY83D5z2hqn+7U="
            }
          },
          "KWgf2gznmWYFSTvJUGuO1UAzB00SzcZF77INyosRfkE=": {
            "valueMac": {
              "type": "Buffer",
              "data": "xTLakCjiLxrHuYW9EI0j9xK6S9hYSMLe41RKI4BMFrU="
            }
          },
          "WmiU3T1E252BOXqQwT/YuRUtgE35lPUaR+7GsYejsr4=": {
            "valueMac": {
              "type": "Buffer",
              "data": "4sRHkB2k/01qf9OiurDd1gPI5pf1WgalOcOE8OlRRWI="
            }
          },
          "16XPJhUj9lxYcYn6crCIdvoK1FX1VVXPGu6daD83RDo=": {
            "valueMac": {
              "type": "Buffer",
              "data": "LDzyTS9GYH0RL8pwNhHBcv5OIGm39wWyRs4PLDKtLYE="
            }
          },
          "X04AH7TrY8O7nNDJTcskdxj2rhnoKrOq4reDr9c6X7M=": {
            "valueMac": {
              "type": "Buffer",
              "data": "KYPIIpOuwKS5N+pO5j8T0/fptDkeDX+4OycPbYyagqY="
            }
          },
          "dJ270MUHNNGAZS/iESwSV8tIUfYCSpth8N5AYwxeays=": {
            "valueMac": {
              "type": "Buffer",
              "data": "c7E/ojrz8NtbxVNBfmZVACYNwrn1xWnGRtPRZ2IjYno="
            }
          },
          "MS5DMHbVWhzIT8wdf017NZekrssFzq3B8vPH8S1ek0c=": {
            "valueMac": {
              "type": "Buffer",
              "data": "JrmyBOaD+dyLvcys6SIHEIMgHdR6GmPDqxeBSE1HPEs="
            }
          },
          "psfsEB8ICocT82DZtb2FkDpTxNW+kkS1vWngeRMQ3FA=": {
            "valueMac": {
              "type": "Buffer",
              "data": "m+0LK7qtN2s8915SwmFWTKJAKaKqoNs0qEKYUVhdt68="
            }
          },
          "rQI279O5fIH95inCrpzUHdMxMSgb7jd4eC2qNNy4pY4=": {
            "valueMac": {
              "type": "Buffer",
              "data": "QhSiJfP+MVNhskLbO8E/7mrcnwzLkwSt6uk+HEFIaMI="
            }
          }
        }
      }
    }
  }
}
